City,Lat,Long,Max Temp,Humidity,Cloudiness,Wind Speed,Country,Date
ribeira grande,38.5167,-28.7,58.89,85,100,14.56,PT,1613098269
hobart,-42.8794,147.3294,73.0,40,40,17.27,AU,1613098025
kapaa,22.0752,-159.319,75.2,57,1,6.91,US,1613098116
punta arenas,-53.15,-70.9167,46.4,71,0,6.91,CL,1613098270
jamestown,42.097,-79.2353,14.0,79,40,5.75,US,1613098270
butaritari,3.0707,172.7902,81.93,76,0,12.8,KI,1613098271
bredasdorp,-34.5322,20.0403,71.6,88,82,3.44,ZA,1613098089
cassilandia,-19.1133,-51.7342,70.86,92,100,5.64,BR,1613098055
rikitea,-23.1203,-134.9692,79.43,68,96,5.03,PF,1613098088
pevek,69.7008,170.3133,-23.24,84,46,2.19,RU,1613098271
marsa matruh,31.3525,27.2453,59.49,68,37,12.57,EG,1613098271
mataura,-46.1927,168.8643,61.0,68,0,8.99,NZ,1613098271
yenagoa,4.9247,6.2642,77.34,91,1,2.91,NG,1613098130
tutoia,-2.7619,-42.2744,80.73,82,100,14.16,BR,1613098229
lasa,46.6166,10.7002,21.99,85,0,9.22,IT,1613098176
barrow,71.2906,-156.7887,-43.6,83,1,9.22,US,1613098096
vaini,-21.2,-175.2,86.0,79,40,9.22,TO,1613098090
sorong,-0.8833,131.25,85.21,71,8,4.43,ID,1613098273
humberto de campos,-2.5983,-43.4611,78.35,86,100,7.31,BR,1613098273
newton,42.337,-71.2092,23.0,49,67,12.66,US,1613098159
vardo,70.3705,31.1107,22.32,95,67,15.73,NO,1613098273
abu samrah,35.3029,37.1841,50.29,63,0,5.7,SY,1613098273
leh,34.1667,77.5833,8.6,68,0,2.26,IN,1613098274
yellowknife,62.456,-114.3525,-11.0,77,1,6.91,CA,1613098274
bluff,-46.6,168.3333,60.01,69,2,11.01,NZ,1613098087
qaanaaq,77.484,-69.3632,5.59,71,0,7.56,GL,1613098274
bonfim,3.0833,-59.95,79.79,66,4,11.45,BR,1613098275
nome,64.5011,-165.4064,12.2,85,90,16.11,US,1613098275
brae,60.3964,-1.353,37.4,70,40,24.16,GB,1613098275
mugur-aksy,50.35,90.5,-5.4,79,12,4.45,RU,1613098275
atuona,-9.8,-139.0333,79.59,74,0,9.91,PF,1613098275
bayan,46.0833,127.4,32.14,98,43,11.88,CN,1613098275
albany,42.6001,-73.9662,17.6,53,20,8.05,US,1613097982
saint-philippe,-21.3585,55.7679,75.2,69,84,8.05,RE,1613098276
naze,28.3667,129.4833,64.4,77,75,24.16,JP,1613098276
tyup,42.7276,78.3648,31.26,92,40,1.36,KG,1613098276
lagoa,39.05,-27.9833,57.81,87,100,23.87,PT,1613098276
ponta do sol,32.6667,-17.1,59.0,72,20,4.61,PT,1613098276
alofi,-19.0595,-169.9187,87.8,62,40,12.66,NU,1613098277
atar,20.5169,-13.0499,65.34,21,0,10.56,MR,1613098277
lac du bonnet,50.2536,-96.0612,-28.98,85,60,3.94,CA,1613098277
upernavik,72.7868,-56.1549,0.59,80,100,8.72,GL,1613098277
sakakah,29.9697,40.2064,48.2,66,0,4.54,SA,1613098278
turukhansk,65.8167,87.9833,-25.24,82,4,5.39,RU,1613098145
port elizabeth,-33.918,25.5701,75.2,83,20,10.36,ZA,1613098278
tuktoyaktuk,69.4541,-133.0374,-7.6,77,40,8.05,CA,1613098278
springbok,-29.6643,17.8865,70.09,63,13,2.64,ZA,1613098278
karwar,14.8,74.1333,74.84,41,91,5.64,IN,1613098279
saint george,37.1041,-113.5841,59.0,31,20,5.75,US,1613098261
sao joao da barra,-21.6403,-41.0511,77.0,87,100,13.8,BR,1613098279
ushuaia,-54.8,-68.3,48.2,66,40,27.63,AR,1613098279
busselton,-33.65,115.3333,69.93,46,0,5.41,AU,1613098279
kaitangata,-46.2817,169.8464,61.0,65,1,8.99,NZ,1613098279
mizan teferi,6.9833,35.5833,70.57,32,99,1.39,ET,1613098280
esperance,-33.8667,121.9,68.0,49,90,8.05,AU,1613098280
zhigansk,66.7697,123.3711,-5.35,91,98,3.96,RU,1613098280
faanui,-16.4833,-151.75,82.49,64,8,9.15,PF,1613098280
ludvika,60.1496,15.1878,14.0,73,90,10.36,SE,1613098280
ancud,-41.8697,-73.8203,52.0,93,0,4.61,CL,1613098280
bambous virieux,-20.3428,57.7575,78.8,73,75,8.05,MU,1613098281
cherskiy,68.75,161.3,-20.52,86,0,1.66,RU,1613098281
port alfred,-33.5906,26.891,70.0,96,100,7.23,ZA,1613098281
puerto ayora,-0.7393,-90.3518,75.99,98,71,7.34,EC,1613098281
kavieng,-2.5744,150.7967,83.07,73,68,3.13,PG,1613098087
nouakchott,18.0858,-15.9785,66.2,15,0,10.36,MR,1613098282
padang,-0.9492,100.3543,86.0,66,20,2.3,ID,1613098282
fethiye,36.6217,29.1164,57.2,88,75,4.61,TR,1613098282
bahia blanca,-38.7196,-62.2724,72.59,61,0,10.07,AR,1613098282
kodiak,57.79,-152.4072,39.2,81,90,36.82,US,1613098283
pangnirtung,66.1451,-65.7125,-13.67,82,35,0.65,CA,1613098283
poya,-21.35,165.15,82.11,68,21,8.61,NC,1613098283
ulladulla,-35.35,150.4667,82.0,73,0,6.91,AU,1613098283
hilo,19.7297,-155.09,77.0,61,90,10.36,US,1613098284
borba,-4.3878,-59.5939,74.07,96,98,0.27,BR,1613098284
sechura,-5.5569,-80.8222,77.22,71,100,9.64,PE,1613098284
geraldton,-28.7667,114.6,87.8,25,0,10.36,AU,1613098284
meoqui,28.2833,-105.4833,57.2,21,20,5.75,MX,1613098284
samarai,-10.6167,150.6667,83.23,75,15,8.16,PG,1613098284
kahului,20.8947,-156.47,80.6,54,20,14.97,US,1613098025
inhambane,-23.865,35.3833,78.4,85,43,13.98,MZ,1613098285
tasiilaq,65.6145,-37.6368,19.4,73,75,26.46,GL,1613098285
chapais,49.7834,-74.8492,-5.8,71,90,16.11,CA,1613098060
balkhash,46.844,74.9804,10.4,79,0,11.18,KZ,1613098285
hithadhoo,-0.6,73.0833,81.48,77,88,12.3,MV,1613098285
deputatskiy,69.3,139.9,-5.24,84,100,2.15,RU,1613098286
vestmannaeyjar,63.4427,-20.2734,41.14,71,100,38.61,IS,1613098286
smithers,54.7804,-127.1743,-0.4,55,1,3.44,CA,1613098286
qandala,11.472,49.8728,71.53,55,11,5.75,SO,1613098286
new norfolk,-42.7826,147.0587,73.0,56,28,5.01,AU,1613098251
iqaluit,63.7506,-68.5145,-2.2,78,40,16.11,CA,1613098286
torbay,47.6666,-52.7314,23.0,93,90,32.21,CA,1613098286
maxixe,-23.8597,35.3472,77.47,87,43,12.08,MZ,1613098287
santa maria,-29.6842,-53.8069,66.2,100,75,2.3,BR,1613098287
nabire,-3.3667,135.4833,87.71,62,86,4.99,ID,1613098150
thompson,55.7435,-97.8558,-31.0,75,20,2.3,CA,1613098287
saldanha,-33.0117,17.9442,64.4,94,5,10.36,ZA,1613098287
matamoros,25.5333,-103.25,73.4,14,40,5.28,MX,1613098287
touros,-5.1989,-35.4608,80.6,78,40,6.91,BR,1613098288
cockburn town,21.4612,-71.1419,76.69,77,0,21.74,TC,1613098087
jasper,37.2001,-94.3502,16.0,79,90,10.36,US,1613098082
dubbo,-32.25,148.6167,87.8,48,100,18.41,AU,1613098288
robore,-18.3333,-59.75,64.96,95,80,0.96,BO,1613098288
hermanus,-34.4187,19.2345,73.0,91,98,6.8,ZA,1613098289
debre tabor,11.85,38.0167,49.17,48,46,4.23,ET,1613098022
ambon,-3.6954,128.1814,89.6,66,20,5.75,ID,1613098289
port hardy,50.6996,-127.4199,35.6,47,75,26.46,CA,1613098289
college,64.8569,-147.8028,14.0,67,75,3.44,US,1613098010
pak phanang,8.3511,100.202,84.2,84,20,4.61,TH,1613098289
mmabatho,-25.85,25.6333,64.4,94,95,4.61,ZA,1613098290
vestmanna,62.1564,-7.1664,30.2,80,40,8.05,FO,1613098290
shimoda,34.6667,138.95,51.8,66,75,11.5,JP,1613098290
khatanga,71.9667,102.5,-26.86,86,97,5.86,RU,1613098290
mandalay,21.9747,96.0836,71.6,49,0,2.3,MM,1613098291
sitka,57.0531,-135.33,28.4,29,1,4.61,US,1613098291
nikolskoye,59.7035,30.7861,3.99,78,75,6.71,RU,1613098291
lianzhou,24.7811,112.3825,63.52,62,7,2.73,CN,1613098291
paraisopolis,-22.5542,-45.78,64.99,92,100,1.39,BR,1613098272
russell,32.3502,-85.1999,62.6,94,90,5.75,US,1613098292
dali,25.7,100.1833,56.14,40,0,1.03,CN,1613098292
vuktyl,63.8567,57.3094,-18.99,87,100,0.94,RU,1613098292
victoria,22.2855,114.1577,66.99,65,0,1.01,HK,1613098208
clarksburg,39.2807,-80.3445,26.6,74,75,11.5,US,1613098292
dhidhdhoo,6.8833,73.1,80.17,65,0,8.16,MV,1613098293
lebu,-37.6167,-73.65,59.83,92,0,14.38,CL,1613098293
arraial do cabo,-22.9661,-42.0278,76.33,89,100,13.53,BR,1613098293
cabo san lucas,22.8909,-109.9124,68.0,72,1,6.91,MX,1613098293
east london,-33.0153,27.9116,73.96,84,100,14.34,ZA,1613098293
castro,-24.7911,-50.0119,59.11,97,97,4.92,BR,1613098044
atikokan,48.7555,-91.6216,-14.84,89,100,2.98,CA,1613098294
cotonou,6.3654,2.4183,81.75,84,97,12.73,BJ,1613098021
dikson,73.5069,80.5464,-14.22,89,99,6.15,RU,1613098294
saint-joseph,-21.3667,55.6167,75.2,69,69,8.05,RE,1613098294
lubao,14.9167,120.55,82.4,74,75,13.8,PH,1613098106
narsaq,60.9167,-46.05,39.2,28,75,41.43,GL,1613098295
synya,65.3718,58.0387,-22.29,86,80,2.64,RU,1613098295
salinas,36.6777,-121.6555,53.6,71,90,3.44,US,1613098132
half moon bay,37.4636,-122.4286,55.4,93,90,13.8,US,1613098295
port augusta,-32.5,137.7667,75.99,60,40,12.66,AU,1613098295
greenfield,42.9614,-88.0126,10.4,79,90,11.5,US,1613098295
severodvinsk,64.5635,39.8302,-14.8,76,90,2.19,RU,1613098296
constitucion,-35.3333,-72.4167,59.52,90,99,6.78,CL,1613098296
erdemli,36.605,34.3084,54.57,74,33,3.27,TR,1613098101
ilulissat,69.2167,-51.1,10.4,67,90,13.8,GL,1613098096
cidreira,-30.1811,-50.2056,74.35,80,99,11.34,BR,1613098296
brokopondo,4.75,-55.1667,75.81,86,35,10.13,SR,1613098297
tabou,4.423,-7.3528,77.9,89,47,6.76,CI,1613098297
tignere,7.3667,12.65,61.92,27,7,3.06,CM,1613098297
dezful,32.3811,48.4058,55.29,47,0,0.81,IR,1613098297
nanortalik,60.1432,-45.2371,28.27,89,100,12.28,GL,1613098297
praia,14.9215,-23.5087,69.8,68,0,16.11,CV,1613098297
washougal,45.5826,-122.3534,32.0,64,90,20.71,US,1613098298
moron,-34.6534,-58.6198,73.0,94,99,8.88,AR,1613098066
clyde river,70.4692,-68.5914,5.0,92,100,21.85,CA,1613098298
codrington,-38.2667,141.9667,67.66,52,92,12.95,AU,1613098298
lorengau,-2.0226,147.2712,84.38,77,61,7.87,PG,1613098299
taywarah,33.35,64.4167,33.3,74,100,1.54,AF,1613098299
henties bay,-22.116,14.2845,68.0,89,98,9.24,NA,1613098299
harper,4.375,-7.7169,78.66,88,66,6.93,LR,1613098299
nuevo laredo,27.4763,-99.5164,42.8,100,90,11.5,MX,1613098235
chokurdakh,70.6333,147.9167,-15.66,79,92,3.91,RU,1613098300
bandarbeyla,9.4942,50.8122,71.31,77,56,11.34,SO,1613098300
nalut,30.3333,10.85,52.75,44,0,10.69,LY,1613098300
banda aceh,5.5577,95.3222,83.52,68,6,4.68,ID,1613098300
airai,-8.9266,125.4092,74.12,78,43,1.92,TL,1613098300
trelleborg,55.3751,13.1569,21.0,73,0,6.91,SE,1613098300
baraki barak,33.9675,68.9486,36.21,62,100,2.84,AF,1613098301
rocha,-34.4833,-54.3333,67.57,92,100,8.9,UY,1613098301
baruun-urt,46.6806,113.2792,7.23,88,33,6.6,MN,1613098301
coihaique,-45.5752,-72.0662,51.8,62,0,3.44,CL,1613098107
kitgum,3.2783,32.8867,72.45,51,82,2.93,UG,1613098301
talnakh,69.4865,88.3972,-19.64,87,97,1.86,RU,1613098302
mecca,21.4267,39.8261,71.42,65,0,0.56,SA,1613098153
bengkulu,-3.8004,102.2655,84.11,65,97,4.18,ID,1613098302
provideniya,64.3833,-173.3,-4.0,65,75,38.03,RU,1613098302
veraval,20.9,70.3667,71.01,39,0,9.1,IN,1613098187
nacala,-14.5428,40.6728,75.7,84,100,8.68,MZ,1613098303
hun,29.1268,15.9477,52.68,79,0,1.77,LY,1613098303
sergeyevka,53.88,67.4158,-6.77,90,51,6.35,KZ,1613098303
stornoway,58.2093,-6.3865,37.4,60,0,16.11,GB,1613098303
mildura,-34.2,142.15,69.8,56,90,9.22,AU,1613098303
avarua,-21.2078,-159.775,84.2,70,75,4.61,CK,1613098304
mahebourg,-20.4081,57.7,78.8,73,75,8.05,MU,1613098304
sinnamary,5.3833,-52.95,77.67,86,62,13.53,GF,1613098304
namibe,-15.1961,12.1522,71.82,81,92,1.88,AO,1613098304
flin flon,54.7682,-101.865,-22.25,87,100,5.44,CA,1613098304
poum,-20.2333,164.0167,79.74,73,2,9.69,NC,1613098181
luanda,-8.8368,13.2343,80.6,78,75,4.61,AO,1613098305
cape town,-33.9258,18.4232,72.0,94,75,11.5,ZA,1613098305
tilichiki,60.4667,166.1,-17.54,83,0,12.21,RU,1613098305
pingliang,35.5392,106.6861,39.99,40,0,3.0,CN,1613098305
ahipara,-35.1667,173.1667,69.57,59,0,9.6,NZ,1613098305
inuvik,68.3499,-133.7218,-0.4,78,100,2.3,CA,1613098306
marzuq,14.4,46.4667,51.67,43,57,2.39,YE,1613098171
hamilton,39.1834,-84.5333,23.0,63,90,12.66,US,1613098306
rondonopolis,-16.4708,-54.6356,72.95,94,100,5.39,BR,1613098306
mount isa,-20.7333,139.5,91.4,46,75,12.66,AU,1613098306
faya,18.3851,42.4509,51.8,46,0,4.61,SA,1613098307
quatre cocos,-20.2078,57.7625,78.8,73,75,8.05,MU,1613098307
svetlaya,46.5389,138.3297,26.85,90,100,1.9,RU,1613098307
tateyama,34.9833,139.8667,52.0,49,100,5.01,JP,1613098307
lompoc,34.6391,-120.4579,53.6,82,1,5.75,US,1613098307
aykhal,66.0,111.5,-20.49,81,0,5.64,RU,1613098308
romny,50.751,33.4747,36.23,100,100,8.34,UA,1613098308
klaksvik,62.2266,-6.589,30.2,80,40,8.05,FO,1613098308
san patricio,28.017,-97.5169,39.2,93,90,20.71,US,1613098308
cedartown,34.0537,-85.255,57.0,97,100,3.24,US,1613098308
tiksi,71.6872,128.8694,-7.37,88,79,6.04,RU,1613098309
chingirlau,51.095,54.0814,33.44,96,100,9.95,KZ,1613098309
neiafu,-18.65,-173.9833,84.2,79,40,11.5,TO,1613098309
longyearbyen,78.2186,15.6401,1.4,66,20,14.97,SJ,1613098309
bhit shah,25.8044,68.4927,51.8,87,32,4.61,PK,1613098309
presidente epitacio,-21.7633,-52.1156,71.83,86,100,4.47,BR,1613098271
svetlogorsk,52.6333,29.7333,8.37,95,100,18.34,BY,1613098310
santa cruz,-17.8,-63.1667,68.0,94,90,5.75,BO,1613098310
mar del plata,-38.0023,-57.5575,71.01,88,90,17.27,AR,1613098166
coahuayana,18.7333,-103.6833,67.46,86,38,1.3,MX,1613098310
lang suan,9.9456,99.0785,82.4,78,20,3.44,TH,1613098310
marawi,7.9986,124.2928,79.18,72,77,4.0,PH,1613098311
gari,59.4307,62.3497,-14.57,89,99,3.4,RU,1613098311
belmonte,-15.8631,-38.8828,77.0,83,20,8.05,BR,1613098311
kimberley,-28.7323,24.7623,68.0,77,6,4.61,ZA,1613098311
olafsvik,64.8945,-23.7142,37.9,77,98,17.67,IS,1613098312
darlawn,24.0167,92.9,55.4,88,40,1.14,IN,1613098312
saskylakh,71.9167,114.0833,-15.11,86,100,3.51,RU,1613098312
gazanjyk,39.2446,55.5154,44.92,74,68,0.67,TM,1613098312
pisco,-13.7,-76.2167,73.4,83,75,2.3,PE,1613098312
fortuna,40.5982,-124.1573,48.99,100,90,3.44,US,1613098313
yumen,40.2833,97.2,38.14,62,86,23.55,CN,1613098313
baturaja,-4.1333,104.1667,83.01,77,97,3.71,ID,1613098313
ust-tsilma,65.441,52.1498,-9.47,90,100,1.99,RU,1613098313
portland,45.5234,-122.6762,30.99,77,100,4.0,US,1613098314
suez,29.9737,32.5263,57.6,70,0,11.12,EG,1613098314
grand-lahou,5.1367,-5.0242,78.82,90,100,9.91,CI,1613098314
aswan,24.0934,32.907,65.62,26,91,8.93,EG,1613098314
pachino,36.7186,15.0907,44.01,100,34,3.44,IT,1613098112
uwajima,33.2238,132.56,55.4,62,75,5.75,JP,1613098071
comodoro rivadavia,-45.8667,-67.5,78.8,21,0,17.27,AR,1613098060
bodden town,19.2833,-81.25,79.0,78,20,10.36,KY,1613098315
pasni,25.2631,63.471,70.74,48,0,4.76,PK,1613098315
vostok,46.4856,135.8833,28.83,93,100,4.07,RU,1613098315
stettler,52.3168,-112.7186,-18.4,69,98,11.5,CA,1613098315
asau,46.4333,26.4,21.2,68,75,17.27,RO,1613098315
georgetown,5.4112,100.3354,86.0,65,20,8.05,MY,1613098316
cap malheureux,-19.9842,57.6142,78.01,73,100,3.0,MU,1613098316
broken hill,-31.95,141.4333,80.6,47,40,13.8,AU,1613098316
peterhead,57.5058,-1.7981,35.6,69,90,18.41,GB,1613098090
taltal,-25.4,-70.4833,65.82,73,1,2.19,CL,1613098089
san juan,-31.5375,-68.5364,79.16,37,100,12.03,AR,1613098292
carutapera,-1.195,-46.02,79.14,83,99,7.16,BR,1613098317
yelizavetinskaya,45.0445,38.7958,48.0,93,0,4.47,RU,1613098317
daru,-9.0763,143.2092,78.55,87,100,3.67,PG,1613098317
norman wells,65.282,-126.8329,-7.6,84,20,6.67,CA,1613098317
chicama,-7.8447,-79.1469,74.59,68,95,4.21,PE,1613098317
vao,-22.6667,167.4833,77.25,77,15,5.26,NC,1613098318
phaltan,17.9833,74.4333,70.48,23,100,1.39,IN,1613098318
ous,60.9058,61.5186,-18.51,88,77,2.68,RU,1613098318
lavrentiya,65.5833,-171.0,-20.49,81,54,13.58,RU,1613098318
fougeres,48.35,-1.2,30.2,69,90,13.8,FR,1613098318
bhakkar,31.6253,71.0657,61.77,34,100,3.87,PK,1613098319
blackfoot,43.1905,-112.345,35.01,75,100,8.01,US,1613098319
tamandare,-8.7597,-35.1047,77.45,82,30,7.0,BR,1613098319
payo,-3.7508,103.6372,80.2,87,100,2.73,ID,1613098320
kavaratti,10.5669,72.642,81.64,58,24,7.25,IN,1613098320
les cayes,18.2,-73.75,74.66,72,0,4.61,HT,1613098320
hofn,64.2539,-15.2082,41.04,68,100,19.04,IS,1613098320
muros,42.7762,-9.0603,55.0,89,3,8.01,ES,1613098321
trairi,-3.2778,-39.2689,79.57,81,100,9.28,BR,1613098029
havoysund,70.9963,24.6622,26.6,68,40,10.36,NO,1613098321
alto araguaia,-17.3147,-53.2153,71.44,83,100,0.65,BR,1613098321
ashland,40.8167,-82.2665,18.0,79,20,8.05,US,1613098321
pacific grove,36.6177,-121.9166,55.0,94,90,3.44,US,1613098135
guerrero negro,27.9769,-114.0611,59.58,84,0,15.37,MX,1613098322
miri,4.4148,114.0089,84.2,79,40,6.91,MY,1613098207
aksu,41.1231,80.2644,36.21,71,0,1.12,CN,1613098322
vitim,59.4511,112.5578,-4.77,86,100,0.96,RU,1613098322
severo-yeniseyskiy,60.3725,93.0408,-17.01,88,100,8.55,RU,1613098323
bathsheba,13.2167,-59.5167,78.8,65,20,20.71,BB,1613098088
kemijarvi,66.7131,27.4306,3.76,94,100,5.48,FI,1613098323
berlevag,70.8578,29.0864,21.54,91,69,14.29,NO,1613098133
turkmenabat,39.0733,63.5786,44.6,81,100,6.91,TM,1613098088
bilibino,68.0546,166.4372,-15.68,77,0,3.51,RU,1613098323
ibra,22.6906,58.5334,58.73,45,0,2.13,OM,1613098324
dajal,29.5577,70.3762,62.94,30,100,5.73,PK,1613098324
vaasa,63.096,21.6158,-7.6,84,0,3.44,FI,1613098323
kenai,60.5544,-151.2583,33.8,69,1,16.11,US,1613098324
back mountain,41.3359,-75.9963,19.0,79,100,1.01,US,1613098198
hamadan,34.7992,48.5146,35.91,69,0,1.63,IR,1613098324
popondetta,-8.7537,148.2534,90.43,55,80,6.4,PG,1613098325
kilemary,56.7783,46.8659,-0.63,93,100,4.21,RU,1613098325
la palma,33.8464,-118.0467,57.99,72,75,4.61,US,1613098105
korhogo,9.45,-5.6333,71.4,26,0,1.88,CI,1613098325
lata,40.1629,-8.3327,55.99,92,37,3.94,PT,1613098325
chifeng,42.2683,118.9636,31.71,88,0,7.0,CN,1613098326
kathu,7.9178,98.3332,84.2,70,40,8.05,TH,1613098145
wilmington,34.2257,-77.9447,53.01,93,90,13.8,US,1613097910
itaituba,-4.2761,-55.9836,74.25,97,100,1.61,BR,1613098270
xining,36.6167,101.7667,36.82,63,100,1.61,CN,1613098222
dingle,10.9995,122.6711,84.74,73,35,0.58,PH,1613098326
teahupoo,-17.8333,-149.2667,86.0,62,75,3.44,PF,1613098327
calbuco,-41.768,-73.1273,55.4,82,40,6.91,CL,1613098327
caravelas,-17.7125,-39.2481,75.42,84,100,4.25,BR,1613098327
lufilufi,-13.8745,-171.5986,86.0,79,75,8.05,WS,1613098327
kruisfontein,-34.0033,24.7314,73.0,89,100,2.44,ZA,1613098043
waipawa,-41.4122,175.5153,66.0,72,75,17.27,NZ,1613098327
khilok,51.3674,110.4676,3.94,89,87,11.16,RU,1613098328
parabel,58.6978,81.4825,-21.69,85,100,10.11,RU,1613098328
daoukro,7.0591,-3.9631,72.19,97,100,2.77,CI,1613098328
west bay,19.3667,-81.4167,79.0,78,20,10.36,KY,1613098328
nauta,-4.5061,-73.5757,74.16,97,100,2.42,PE,1613098328
vila velha,-20.3297,-40.2925,77.0,83,0,3.44,BR,1613098329
tazovskiy,67.4667,78.7,-35.21,82,2,4.85,RU,1613098329
lerik,38.7726,48.4128,48.2,100,75,2.3,AZ,1613098329
port-gentil,-0.7193,8.7815,80.92,84,100,10.27,GA,1613098329
miyako,39.6367,141.9525,40.77,63,0,5.06,JP,1613098329
richards bay,-28.783,32.0377,73.44,91,89,3.31,ZA,1613098330
koshki,54.2091,50.4677,8.65,96,91,5.48,RU,1613098330
saint-pierre,-21.3393,55.4781,75.2,69,100,8.05,RE,1613098330
mogadishu,2.0371,45.3438,75.45,84,35,14.99,SO,1613098135
bafra,41.5678,35.9069,66.2,24,0,11.5,TR,1613098330
la ronge,55.1001,-105.2842,-16.6,69,100,6.91,CA,1613098330
villa carlos paz,-31.4241,-64.4978,71.01,94,0,5.75,AR,1613098331
ust-nera,64.5667,143.2,9.09,84,100,1.45,RU,1613098331
komsomolskiy,40.4272,71.7189,37.4,81,4,4.61,UZ,1613098331
maragogi,-9.0122,-35.2225,77.38,82,6,6.87,BR,1613098331
balakhninskiy,58.0106,114.2769,-2.4,86,100,2.82,RU,1613098331
sao filipe,14.8961,-24.4956,71.19,69,0,9.33,CV,1613098332
nago,26.5881,127.9761,66.2,82,90,23.02,JP,1613098332
santa cruz del sur,20.7147,-77.9956,74.21,76,0,5.91,CU,1613098332
the valley,18.217,-63.0578,78.8,65,40,10.36,AI,1613098333
san roque,36.2107,-5.3842,59.0,88,90,17.27,ES,1613098333
fort nelson,58.8053,-122.7002,-2.2,65,75,1.7,CA,1613098333
narayangarh,30.4833,77.1333,61.84,48,100,0.67,IN,1613098333
bethel,41.3712,-73.414,24.01,54,1,8.05,US,1613098242
simeonovgrad,42.0333,25.8333,32.0,56,74,21.05,BG,1613098333
ostrovnoy,68.0531,39.5131,9.25,91,100,5.01,RU,1613098149
aitape,-3.1374,142.3475,85.62,68,100,3.15,PG,1613098334
dudinka,69.4058,86.1778,-17.88,88,97,4.7,RU,1613098334
concordia,-31.393,-58.0209,72.0,86,28,5.48,AR,1613098257
debre birhan,9.6833,39.5333,47.59,62,78,3.58,ET,1613098335
salalah,17.0151,54.0924,69.8,40,0,4.61,OM,1613098335
uvalde,29.3669,-99.767,37.99,93,90,6.91,US,1613098335
chuy,-33.6971,-53.4616,70.34,91,100,11.88,UY,1613098269
vanimo,-2.6741,141.3028,88.39,61,79,8.01,PG,1613098335
semey,50.4111,80.2275,-14.8,84,0,2.24,KZ,1613098335
beringovskiy,63.05,179.3167,-20.78,85,74,20.11,RU,1613098336
birao,10.2849,22.7882,65.62,25,92,2.46,CF,1613098336
daultala,33.1925,73.1413,53.01,67,83,3.24,PK,1613098336
souillac,-20.5167,57.5167,78.8,73,75,8.05,MU,1613098336
benghazi,32.1167,20.0667,59.11,72,2,11.83,LY,1613098336
forestville,38.8451,-76.875,33.01,80,75,8.05,US,1613098336
nenjiang,49.1833,125.2167,20.79,90,0,17.92,CN,1613098337
shimanovsk,52.0,127.7,23.02,96,100,15.66,RU,1613098337
horgos,46.1556,19.9725,18.0,67,2,13.85,RS,1613098337
havelock,34.8791,-76.9013,45.0,100,90,13.8,US,1613098337
dourbali,11.8091,15.8632,66.25,24,0,8.05,TD,1613098337
knysna,-34.0363,23.0471,71.6,94,75,9.22,ZA,1613098338
nizhniy baskunchak,48.2198,46.8311,37.51,95,99,5.61,RU,1613098338
karpogory,64.0019,44.4451,-6.12,91,100,3.53,RU,1613098338
malanje,-9.5402,16.341,63.18,99,100,5.97,AO,1613098338
semirom,31.4167,51.5667,32.85,74,0,1.36,IR,1613098338
denpasar,-8.65,115.2167,80.6,89,75,3.44,ID,1613098090
port moresby,-9.4431,147.1797,91.4,62,40,12.66,PG,1613098339
mangrol,21.1167,70.1167,70.48,40,0,5.82,IN,1613098339
isangel,-19.55,169.2667,83.73,69,99,3.62,VU,1613098339
katsuura,35.1333,140.3,52.0,49,100,5.01,JP,1613098339
rio gallegos,-51.6226,-69.2181,51.8,50,0,17.27,AR,1613098202
griffith,41.5284,-87.4237,21.2,58,75,8.05,US,1613098340
biak,-0.9131,122.8766,83.35,72,100,2.46,ID,1613098340
kapenguria,1.2511,35.0895,59.29,68,70,3.2,KE,1613098340
besenyszog,47.3,20.2667,17.6,67,90,9.22,HU,1613098340
harer,9.3094,42.1258,56.34,48,97,6.76,ET,1613098340
bridlington,54.0831,-0.1919,30.99,100,100,16.24,GB,1613098341
conceicao do araguaia,-8.2578,-49.2647,74.86,94,100,3.13,BR,1613098341
loubomo,-4.1997,12.6739,72.0,97,100,2.28,CG,1613098341
husavik,66.0449,-17.3389,21.2,79,0,5.75,IS,1613098341
pemberton,50.3164,-122.8027,23.0,25,70,13.8,CA,1613098341
acapulco,16.8634,-99.8901,77.0,78,1,6.91,MX,1613098220
bereda,43.2686,-7.5406,51.01,100,95,7.0,ES,1613098156
zharkent,44.1628,80.0,35.74,84,84,4.52,KZ,1613098342
sao felix do xingu,-6.6447,-51.995,74.16,93,100,1.9,BR,1613098342
nacozari,25.3366,-108.2574,60.01,81,0,1.01,MX,1613098342
bermejo,-32.8833,-68.8,75.2,64,20,2.3,AR,1613098089
vorsma,55.9856,43.2717,8.6,92,90,4.47,RU,1613098342
jyvaskyla,62.2415,25.7209,5.0,92,90,2.3,FI,1613098343
pumiao,22.75,108.4833,57.2,88,0,2.24,CN,1613098343
dunedin,-45.8742,170.5036,57.0,66,20,14.0,NZ,1613098343
along,28.1667,94.7667,66.33,37,0,0.58,IN,1613098343
hasaki,35.7333,140.8333,52.0,57,75,5.75,JP,1613098088
houma,29.5958,-90.7195,64.99,94,90,6.91,US,1613098344
mwinilunga,-11.7358,24.4293,63.19,97,100,3.2,ZM,1613098344
uray,60.1247,64.7758,-23.48,87,36,1.28,RU,1613098344
rochester,43.1548,-77.6156,21.99,67,90,4.61,US,1613097749
saint-augustin,51.226,-58.6502,24.58,94,100,15.12,CA,1613098344
baykit,61.67,96.37,-13.32,84,100,4.12,RU,1613098345
tursunzoda,38.5144,68.2333,46.4,39,33,8.95,TJ,1613098345
port lincoln,-34.7333,135.8667,66.22,59,96,12.33,AU,1613098345
batemans bay,-35.7167,150.1833,82.0,91,97,1.99,AU,1613098345
margate,51.3813,1.3862,32.0,61,37,5.01,GB,1613098345
butajira,8.1167,38.3667,59.88,51,99,2.91,ET,1613098345
itarema,-2.9248,-39.9167,79.2,82,95,12.12,BR,1613098346
carballo,43.213,-8.691,53.6,100,20,9.22,ES,1613098346
medea,36.2642,2.7539,48.2,93,40,4.14,DZ,1613098346
guaimaro,21.05,-77.35,73.4,88,20,2.3,CU,1613098346
diamantino,-14.4086,-56.4461,72.79,94,95,4.97,BR,1613098328
lakselv,70.0513,24.9718,14.0,73,100,21.85,NO,1613098347
dayong,25.0209,118.2898,66.2,63,75,6.71,CN,1613098347
severo-kurilsk,50.6789,156.125,30.13,93,97,4.59,RU,1613098347
petropavlovsk-kamchatskiy,53.0452,158.6483,28.4,64,93,4.47,RU,1613098347
lalas,37.7167,21.7167,53.6,93,8,2.3,GR,1613098348
balkanabat,39.5108,54.3671,47.48,65,0,3.74,TM,1613098348
rawson,-43.3002,-65.1023,73.99,50,65,23.76,AR,1613098206
san juan de la maguana,18.8059,-71.2299,67.19,74,0,0.43,DO,1613098348
mayo,38.8876,-76.5119,34.0,75,90,5.75,US,1613098348
ambilobe,-13.2,49.05,73.18,94,80,1.83,MG,1613098104
beneditinos,-5.45,-42.3667,75.2,94,75,6.91,BR,1613098349
kwekwe,-18.9281,29.8149,60.49,96,99,5.77,ZW,1613098349
tadine,-21.55,167.8833,80.71,72,93,4.12,NC,1613098349
jiguani,20.3667,-76.4272,75.2,50,20,6.91,CU,1613098349
grand gaube,-20.0064,57.6608,78.01,73,99,3.0,MU,1613098172
bukachacha,52.9833,116.9167,10.2,88,100,8.99,RU,1613098349
umm lajj,25.0213,37.2685,76.84,48,100,3.11,SA,1613098350
namatanai,-3.6667,152.4333,83.55,75,61,6.71,PG,1613098350
imbituba,-28.24,-48.6703,71.6,94,75,3.44,BR,1613098222
te anau,-45.4167,167.7167,67.91,43,0,3.0,NZ,1613098350
khandyga,62.6667,135.6,12.51,90,0,3.56,RU,1613098350
ushtobe,45.2514,77.9838,23.63,98,100,7.87,KZ,1613098351
bam,29.106,58.357,56.71,29,79,6.53,IR,1613098351
kungurtug,50.5994,97.5228,-4.74,85,55,0.89,RU,1613098351
grand forks,47.9417,-97.4337,-14.8,76,75,5.75,US,1613098277
wielun,51.221,18.5696,10.0,86,72,8.25,PL,1613098351
caluquembe,-13.7833,14.6833,55.81,61,100,5.48,AO,1613098352
plettenberg bay,-34.0527,23.3716,71.56,95,100,2.39,ZA,1613098352
saint-medard-en-jalles,44.8969,-0.7214,50.0,93,100,6.91,FR,1613098352
cusuna,15.85,-85.2333,73.94,86,17,8.23,HN,1613098352
acarau,-2.8856,-40.12,79.59,81,89,13.0,BR,1613098352
tanete,-3.9443,119.7848,94.84,44,100,5.03,ID,1613098353
itaporanga,-7.3044,-38.1503,75.4,83,75,5.84,BR,1613098353
odweyne,9.4092,45.064,60.08,33,99,5.03,SO,1613098353
riyadh,24.6877,46.7219,51.8,40,0,3.44,SA,1613098251
paka,4.6374,103.4368,80.6,89,40,3.44,MY,1613098353
maldonado,-34.6667,-54.9167,70.0,94,75,3.44,UY,1613098310
las juntas,19.4167,-104.7,60.33,92,0,4.23,MX,1613098354
nouna,12.7333,-3.8667,72.21,19,1,5.77,BF,1613098354
leningradskiy,69.3833,178.4167,-14.48,87,100,12.46,RU,1613098313
gat,31.61,34.7642,51.01,85,0,1.07,IL,1613098148
pandan,14.0453,124.1694,82.63,74,0,4.43,PH,1613098355
nemuro,43.3236,145.575,30.2,59,20,10.36,JP,1613098148
ha giang,22.8333,104.9833,66.58,70,99,2.57,VN,1613098355
auki,-8.7676,160.7034,79.83,85,100,11.81,SB,1613098355
mumford,5.2618,-0.759,80.6,85,36,11.07,GH,1613098355
adrar,20.5022,-10.0711,64.99,21,0,9.64,MR,1613098356
castrillon,43.3979,-6.7922,53.6,94,40,6.91,ES,1613098356
ordzhonikidze,52.4411,61.7408,11.08,96,100,7.9,KZ,1613098356
whitehorse,60.7161,-135.0538,-9.0,70,1,18.41,CA,1613098356
eyl,7.9803,49.8164,68.65,80,98,10.42,SO,1613098356
zamosc,50.7231,23.252,8.6,85,90,11.5,PL,1613098130
nouadhibou,20.931,-17.0347,62.6,77,0,23.02,MR,1613098357
zyryanka,65.75,150.85,-17.05,87,86,3.04,RU,1613098357
calvinia,-31.4707,19.776,69.89,60,66,3.89,ZA,1613098357
phan thiet,10.9333,108.1,80.74,61,32,6.69,VN,1613098283
midland,31.9974,-102.0779,26.6,100,90,10.76,US,1613098358
honiara,-9.4333,159.95,77.7,88,100,5.79,SB,1613098262
kang,-23.6752,22.7876,68.81,70,0,4.09,BW,1613098358
vila franca do campo,37.7167,-25.4333,61.0,88,75,28.77,PT,1613098358
qeshm,26.9581,56.2719,62.6,94,0,4.61,IR,1613098358
colesberg,-30.72,25.0972,70.21,57,90,5.41,ZA,1613098359
ayan,56.45,138.1667,19.54,95,94,2.66,RU,1613098359
grindavik,63.8424,-22.4338,37.4,87,90,27.63,IS,1613098124
mianyang,31.4593,104.7542,60.93,52,0,2.37,CN,1613098359
lerwick,60.1545,-1.1494,37.4,70,40,24.16,GB,1613098359
carnarvon,-24.8667,113.6333,84.2,58,71,16.11,AU,1613098360
tuatapere,-46.1333,167.6833,61.0,68,5,8.99,NZ,1613098345
huadian,42.9633,126.7478,35.42,86,38,5.28,CN,1613098360
basco,20.4487,121.9702,73.9,78,0,15.68,PH,1613098360
dukat,62.55,155.55,-2.9,90,5,4.88,RU,1613098360
svetlyy,54.675,20.1347,16.0,79,75,15.66,RU,1613098117
ambanja,-13.6833,48.45,73.62,88,88,3.42,MG,1613098361
estepona,36.4276,-5.1459,59.0,88,90,17.27,ES,1613098361
havre-saint-pierre,50.2334,-63.5986,26.6,74,90,11.5,CA,1613098361
okha,53.5739,142.9478,19.49,97,97,5.26,RU,1613098361
vyshestebliyevskaya,45.1961,37.0181,55.4,58,100,24.61,RU,1613098361
aljezur,37.3191,-8.8033,56.05,93,100,5.88,PT,1613098362
praia da vitoria,38.7333,-27.0667,61.0,100,75,36.53,PT,1613098362
gulu,2.7746,32.299,76.42,41,98,2.86,UG,1613098103
zhezkazgan,47.8043,67.7144,6.49,87,87,6.98,KZ,1613098362
aktash,50.3,87.7333,-10.82,87,67,4.54,RU,1613098362
qurayyat,31.3318,37.3428,42.8,65,0,6.91,SA,1613098362
rincon,32.296,-81.2354,60.01,94,90,8.05,US,1613098342
susanville,40.4163,-120.653,42.8,70,90,10.36,US,1613098363
taoudenni,22.6783,-3.9836,65.34,22,17,12.59,ML,1613098353
tonstad,58.6626,6.7169,21.0,69,0,8.72,NO,1613098363
yar-sale,66.8333,70.8333,-19.91,87,91,7.63,RU,1613098171
taunggyi,20.7833,97.0333,69.55,39,19,1.77,MM,1613098364
maracacume,-2.0428,-45.9592,75.04,94,100,2.28,BR,1613098364
healesville,-37.65,145.5167,71.01,58,94,1.95,AU,1613098364
leshukonskoye,64.8989,45.7622,-4.32,92,100,3.44,RU,1613098364
imeni vorovskogo,55.7233,38.3414,5.0,85,90,8.95,RU,1613098365
dzilam gonzalez,21.2833,-88.9333,75.97,73,39,7.92,MX,1613098365
piranhas,-16.4269,-51.8222,73.8,86,99,0.16,BR,1613098365
ukiah,39.1502,-123.2078,50.0,87,90,8.05,US,1613098365
vila,42.0304,-8.1588,48.0,96,57,15.99,PT,1613098365
antofagasta,-23.65,-70.4,68.0,68,0,6.91,CL,1613098076
wattegama,6.7989,81.4808,73.4,94,20,5.75,LK,1613098366
waingapu,-9.6567,120.2641,84.6,70,6,4.65,ID,1613098366
vilhena,-12.7406,-60.1458,69.51,100,98,2.39,BR,1613098077
maunabo,18.0072,-65.8993,75.99,86,7,14.54,PR,1613098366
sadiqabad,28.3062,70.1307,65.23,25,82,6.38,PK,1613098366
kibala,9.1104,18.3463,71.6,30,0,6.91,TD,1613098367
ojinaga,29.5667,-104.4167,48.2,57,75,10.36,MX,1613098146
havre,49.5833,0.3333,28.4,59,0,21.85,FR,1613098367
quepos,9.4236,-84.1652,71.6,73,0,5.75,CR,1613098367
sasovo,54.3537,41.9199,9.46,95,100,8.86,RU,1613098367
chiredzi,-21.05,31.6667,67.37,90,87,5.12,ZW,1613098368
radomsko,51.0671,19.4448,10.0,86,98,11.95,PL,1613098368
pires do rio,-17.2997,-48.2794,67.86,94,100,4.7,BR,1613098368
emba,48.8264,58.1442,24.87,95,100,9.55,KZ,1613098368
falmouth,50.1544,-5.0711,37.4,87,90,29.93,GB,1613098368
mongo,12.1844,18.693,62.53,28,0,3.89,TD,1613098369
san quintin,30.4833,-115.95,58.26,83,0,8.41,MX,1613098369
kawalu,-7.3817,108.2082,85.71,64,32,1.74,ID,1613098369
santa lucia,27.9117,-15.5407,64.4,82,40,13.8,ES,1613098369
sioux lookout,50.1001,-91.917,-27.4,75,20,1.34,CA,1613098369
san antonio,29.4241,-98.4936,36.0,80,90,13.8,US,1613098274
westerland,54.9079,8.3033,19.4,79,55,9.22,DE,1613098370
kihei,20.785,-156.4656,80.6,54,20,14.97,US,1613098370
urucui,-7.2294,-44.5561,76.32,84,97,1.36,BR,1613098319
makakilo city,21.3469,-158.0858,80.6,57,1,11.5,US,1613098154
kalianget,-7.05,113.9333,82.62,76,100,5.06,ID,1613098370
kinna,57.5073,12.6946,15.01,78,0,8.05,SE,1613098371
dukhovshchina,55.1919,32.4111,3.79,92,100,14.23,RU,1613098371
asyut,27.181,31.1837,54.16,39,0,6.6,EG,1613098371
abancay,-13.6339,-72.8814,59.11,71,90,4.21,PE,1613098316
iwaki,37.05,140.8833,48.0,52,95,4.0,JP,1613098371
constantine,36.365,6.6147,41.0,81,0,2.3,DZ,1613098254
anton lizardo,19.05,-95.9833,77.0,94,20,4.61,MX,1613098372
siavonga,-16.5382,28.7088,72.18,91,100,4.94,ZM,1613098372
keti bandar,24.1447,67.4497,69.96,45,0,4.79,PK,1613098372
nakamura,32.9833,132.9333,56.48,55,100,4.52,JP,1613098372
tselinnoye,53.0833,85.6667,-19.5,85,3,3.47,RU,1613098373
karratha,-20.7377,116.8463,84.61,65,67,13.96,AU,1613098350
yashalta,46.3395,42.2762,43.25,84,100,9.75,RU,1613098373
novyy urengoy,66.0833,76.6333,-37.34,82,7,3.83,RU,1613098373
avera,33.194,-82.5271,60.01,96,75,3.83,US,1613098373
kutum,14.2,24.6667,59.07,36,0,8.57,SD,1613098373
cumra,37.5732,32.7745,39.2,60,0,8.05,TR,1613098374
porto santo,33.072,-16.3415,59.0,88,20,8.05,PT,1613098374
amuntai,-2.4177,115.2494,88.27,64,100,3.22,ID,1613098374
songjianghe,42.1859,127.479,37.89,71,100,6.62,CN,1613098374
lodja,-3.4833,23.4333,71.56,92,100,2.15,CD,1613098356
morondava,-20.2833,44.2833,75.51,91,100,18.79,MG,1613098374
sahy,48.0741,18.9495,16.0,72,0,11.01,SK,1613098375
khani,41.9563,42.9566,55.4,44,0,17.27,GE,1613098375
cabedelo,-6.9811,-34.8339,78.8,83,40,8.05,BR,1613098200
mollendo,-17.0231,-72.0147,71.49,77,100,6.04,PE,1613098375
harindanga,22.0383,88.3214,66.2,94,40,6.04,IN,1613098375
gambela,8.25,34.5833,76.71,23,0,5.03,ET,1613098376
cayenne,4.9333,-52.3333,77.0,100,75,3.44,GF,1613098376
